URL,Author,Filename,DateTime,full_size,MediaType,mediaUrl
https://raw.githubusercontent.com/jasonlryan/sahara/main/media/KT_Fulton.WhatsApp%20Image%202025-03-23%20at%2007.53.49.jpeg,KT_Fulton,media/KT_Fulton.WhatsApp Image 2025-03-23 at 07.53.49.jpeg,2025-03-23 07:53:49,1600x1200,image,http://localhost:3000/media/KT_Fulton.WhatsApp Image 2025-03-23 at 07.53.49.jpeg
https://raw.githubusercontent.com/jasonlryan/sahara/main/media/sara.WhatsApp%20Image%202025-03-28%20at%2021.53.35.jpeg,sara,media/sara.WhatsApp Image 2025-03-28 at 21.53.35.jpeg,2025-03-28 21:53:35,4096x2304,image,http://localhost:3000/media/sara.WhatsApp Image 2025-03-28 at 21.53.35.jpeg
https://raw.githubusercontent.com/jasonlryan/sahara/main/media/Elen.WhatsApp%20Video%202025-03-23%20at%2016.04.40.mp4,Elen,media/Elen.WhatsApp Video 2025-03-23 at 16.04.40.mp4,2025-03-23 16:04:40,,video,http://localhost:3000/media/Elen.WhatsApp Video 2025-03-23 at 16.04.40.mp4
https://raw.githubusercontent.com/jasonlryan/sahara/main/media/Yarra.WhatsApp%20Image%202025-03-24%20at%2007.23.03%20%282%29.jpeg,Yarra,media/Yarra.WhatsApp Image 2025-03-24 at 07.23.03 (2).jpeg,,1222x1600,image,https://raw.githubusercontent.com/jasonlryan/sahara/main/media/Yarra.WhatsApp%20Image%202025-03-24%20at%2007.23.03%20%282%29.jpeg
https://raw.githubusercontent.com/jasonlryan/sahara/main/media/Liesbet.WhatsApp%20Image%202025-03-23%20at%2016.08.39.jpeg,Liesbet,media/Liesbet.WhatsApp Image 2025-03-23 at 16.08.39.jpeg,2025-03-23 16:08:39,899x1599,image,https://raw.githubusercontent.com/jasonlryan/sahara/main/media/Liesbet.WhatsApp%20Image%202025-03-23%20at%2016.08.39.jpeg
https://raw.githubusercontent.com/jasonlryan/sahara/main/media/Yarra.WhatsApp%20Image%202025-03-24%20at%2007.23.03%20%281%29.jpeg,Yarra,media/Yarra.WhatsApp Image 2025-03-24 at 07.23.03 (1).jpeg,,1240x1599,image,https://raw.githubusercontent.com/jasonlryan/sahara/main/media/Yarra.WhatsApp%20Image%202025-03-24%20at%2007.23.03%20%281%29.jpeg
https://raw.githubusercontent.com/jasonlryan/sahara/main/media/Yarra.WhatsApp%20Image%202025-03-24%20at%2007.23.03.jpeg,Yarra,media/Yarra.WhatsApp Image 2025-03-24 at 07.23.03.jpeg,2025-03-24 07:23:03,1195x1600,image,https://raw.githubusercontent.com/jasonlryan/sahara/main/media/Yarra.WhatsApp%20Image%202025-03-24%20at%2007.23.03.jpeg
https://raw.githubusercontent.com/jasonlryan/sahara/main/media/Yarra.WhatsApp%20Image%202025-03-24%20at%2007.23.02.jpeg,Yarra,media/Yarra.WhatsApp Image 2025-03-24 at 07.23.02.jpeg,2025-03-24 07:23:02,1295x1599,image,https://raw.githubusercontent.com/jasonlryan/sahara/main/media/Yarra.WhatsApp%20Image%202025-03-24%20at%2007.23.02.jpeg
https://raw.githubusercontent.com/jasonlryan/sahara/main/media/Kate.WhatsApp%20Image%202025-03-25%20at%2011.12.54.jpeg,Kate,media/Kate.WhatsApp Image 2025-03-25 at 11.12.54.jpeg,2025-03-25 11:12:54,1600x720,image,https://raw.githubusercontent.com/jasonlryan/sahara/main/media/Kate.WhatsApp%20Image%202025-03-25%20at%2011.12.54.jpeg
https://raw.githubusercontent.com/jasonlryan/sahara/main/media/Kate.WhatsApp%20Image%202025-03-25%20at%2011.12.55%20%281%29.jpeg,Kate,media/Kate.WhatsApp Image 2025-03-25 at 11.12.55 (1).jpeg,,720x1600,image,https://raw.githubusercontent.com/jasonlryan/sahara/main/media/Kate.WhatsApp%20Image%202025-03-25%20at%2011.12.55%20%281%29.jpeg
https://raw.githubusercontent.com/jasonlryan/sahara/main/media/Kate.WhatsApp%20Image%202025-03-25%20at%2011.12.54%20%281%29.jpeg,Kate,media/Kate.WhatsApp Image 2025-03-25 at 11.12.54 (1).jpeg,,1600x720,image,https://raw.githubusercontent.com/jasonlryan/sahara/main/media/Kate.WhatsApp%20Image%202025-03-25%20at%2011.12.54%20%281%29.jpeg
https://raw.githubusercontent.com/jasonlryan/sahara/main/media/Kate.WhatsApp%20Image%202025-03-25%20at%2011.12.55.jpeg,Kate,media/Kate.WhatsApp Image 2025-03-25 at 11.12.55.jpeg,2025-03-25 11:12:55,720x1600,image,https://raw.githubusercontent.com/jasonlryan/sahara/main/media/Kate.WhatsApp%20Image%202025-03-25%20at%2011.12.55.jpeg
https://raw.githubusercontent.com/jasonlryan/sahara/main/media/Kate.WhatsApp%20Image%202025-03-25%20at%2011.12.56.jpeg,Kate,media/Kate.WhatsApp Image 2025-03-25 at 11.12.56.jpeg,2025-03-25 11:12:56,720x1600,image,https://raw.githubusercontent.com/jasonlryan/sahara/main/media/Kate.WhatsApp%20Image%202025-03-25%20at%2011.12.56.jpeg
https://raw.githubusercontent.com/jasonlryan/sahara/main/media/Kate.WhatsApp%20Image%202025-03-25%20at%2011.12.56%20%282%29.jpeg,Kate,media/Kate.WhatsApp Image 2025-03-25 at 11.12.56 (2).jpeg,,1600x721,image,https://raw.githubusercontent.com/jasonlryan/sahara/main/media/Kate.WhatsApp%20Image%202025-03-25%20at%2011.12.56%20%282%29.jpeg
https://raw.githubusercontent.com/jasonlryan/sahara/main/media/Kate.WhatsApp%20Image%202025-03-25%20at%2011.12.56%20%281%29.jpeg,Kate,media/Kate.WhatsApp Image 2025-03-25 at 11.12.56 (1).jpeg,,1600x720,image,https://raw.githubusercontent.com/jasonlryan/sahara/main/media/Kate.WhatsApp%20Image%202025-03-25%20at%2011.12.56%20%281%29.jpeg
